{
"lengthUnit": "mil",
"remark": [],
"components": {
	"fields": ["COMPONENT_NO", "COMPONENT_NAME", "LAYER", "X_COORDINATE", "Y_COORDINATE", "ANGLE"],
	"rows": [
		[1, "CN1", "T", 1045, -1595, 270],
		[2, "CN2", "T", 1110, -1900, 270],
		[3, "CN3", "T", 1050, -2255, 270],
		[4, "CN4", "T", 1055, -2590, 270],
		[5, "GY1", "B", 2195, -265, 270],
		[6, "R1", "T", 2420, -2190, 0],
		[7, "R2", "T", 2425, -2305, 0],
		[8, "R3", "T", 2420, -2410, 0],
		[9, "R5", "T", 2420, -2100, 0],
		[10, "R6", "T", 2350, -2830, 0],
		[11, "R7", "T", 2350, -2725, 0],
		[12, "R8", "T", 2350, -2625, 0],
		[13, "R9", "T", 2350, -2525, 0],
		[14, "SCREW5", "T", 2512.185, -3111.485, 0],
		[15, "SCREW6", "T", 1005, -90, 0],
		[16, "SCREW7", "T", 2530, -90, 0],
		[17, "SCREW8", "T", 990, -3115, 0],
		[18, "U1", "T", 1750, -2180, 0],
		[19, "U2", "B", 1735, -2385, 270],
		[20, "U3", "T", 970, -630, 0],
		[21, "U5", "T", 2415, -1650, 270],
		[22, "PAD1", "T", 2195, -365, 0],
		[23, "PAD1", "B", 2195, -365, 0],
		[24, "PAD2", "T", 2195, -465, 0],
		[25, "PAD2", "B", 2195, -465, 0],
		[26, "PAD3", "T", 2195, -565, 0],
		[27, "PAD3", "B", 2195, -565, 0],
		[28, "PAD4", "T", 2195, -665, 0],
		[29, "PAD4", "B", 2195, -665, 0],
		[30, "PAD5", "T", 2449.66, -2190, 0],
		[31, "PAD6", "T", 2390.34, -2190, 0],
		[32, "PAD7", "T", 2454.66, -2305, 0],
		[33, "PAD8", "T", 2395.34, -2305, 0],
		[34, "PAD9", "T", 2449.66, -2410, 0],
		[35, "PAD10", "T", 2390.34, -2410, 0],
		[36, "PAD11", "T", 2449.66, -2100, 0],
		[37, "PAD12", "T", 2390.34, -2100, 0],
		[38, "PAD13", "T", 1300, -3030, 0],
		[39, "PAD13", "B", 1300, -3030, 0],
		[40, "PAD14", "T", 1300, -2630, 0],
		[41, "PAD14", "B", 1300, -2630, 0],
		[42, "PAD15", "T", 1300, -2430, 0],
		[43, "PAD15", "B", 1300, -2430, 0],
		[44, "PAD16", "T", 1300, -2330, 0],
		[45, "PAD16", "B", 1300, -2330, 0],
		[46, "PAD17", "T", 1300, -2230, 0],
		[47, "PAD17", "B", 1300, -2230, 0],
		[48, "PAD18", "T", 1300, -2130, 0],
		[49, "PAD18", "B", 1300, -2130, 0],
		[50, "PAD19", "T", 1300, -2030, 0],
		[51, "PAD19", "B", 1300, -2030, 0],
		[52, "PAD20", "T", 1300, -1930, 0],
		[53, "PAD20", "B", 1300, -1930, 0],
		[54, "PAD21", "T", 1300, -1830, 0],
		[55, "PAD21", "B", 1300, -1830, 0],
		[56, "PAD22", "T", 1300, -1730, 0],
		[57, "PAD22", "B", 1300, -1730, 0],
		[58, "PAD23", "T", 1300, -1630, 0],
		[59, "PAD23", "B", 1300, -1630, 0],
		[60, "PAD24", "T", 1300, -1230, 0],
		[61, "PAD24", "B", 1300, -1230, 0],
		[62, "PAD25", "T", 2200, -1230, 0],
		[63, "PAD25", "B", 2200, -1230, 0],
		[64, "PAD26", "T", 2200, -1330, 0],
		[65, "PAD26", "B", 2200, -1330, 0],
		[66, "PAD27", "T", 2200, -1430, 0],
		[67, "PAD27", "B", 2200, -1430, 0],
		[68, "PAD28", "T", 2200, -1530, 0],
		[69, "PAD28", "B", 2200, -1530, 0],
		[70, "PAD29", "T", 2200, -1630, 0],
		[71, "PAD29", "B", 2200, -1630, 0],
		[72, "PAD30", "T", 2200, -1730, 0],
		[73, "PAD30", "B", 2200, -1730, 0],
		[74, "PAD31", "T", 2200, -1830, 0],
		[75, "PAD31", "B", 2200, -1830, 0],
		[76, "PAD32", "T", 2200, -1930, 0],
		[77, "PAD32", "B", 2200, -1930, 0],
		[78, "PAD33", "T", 2200, -2030, 0],
		[79, "PAD33", "B", 2200, -2030, 0],
		[80, "PAD34", "T", 2200, -2130, 0],
		[81, "PAD34", "B", 2200, -2130, 0],
		[82, "PAD35", "T", 2200, -2230, 0],
		[83, "PAD35", "B", 2200, -2230, 0],
		[84, "PAD36", "T", 2200, -2330, 0],
		[85, "PAD36", "B", 2200, -2330, 0],
		[86, "PAD37", "T", 1395, -1865, 0],
		[87, "PAD37", "B", 1395, -1865, 0],
		[88, "PAD38", "T", 1395, -2865, 0],
		[89, "PAD38", "B", 1395, -2865, 0],
		[90, "PAD39", "T", 1495, -2865, 0],
		[91, "PAD39", "B", 1495, -2865, 0],
		[92, "PAD40", "T", 1695, -2865, 0],
		[93, "PAD40", "B", 1695, -2865, 0],
		[94, "PAD41", "T", 1595, -2865, 0],
		[95, "PAD41", "B", 1595, -2865, 0],
		[96, "PAD42", "T", 1795, -2865, 0],
		[97, "PAD42", "B", 1795, -2865, 0],
		[98, "PAD43", "T", 1795, -1865, 0],
		[99, "PAD43", "B", 1795, -1865, 0],
		[100, "PAD44", "T", 1595, -1865, 0],
		[101, "PAD44", "B", 1595, -1865, 0],
		[102, "PAD45", "T", 1695, -1865, 0],
		[103, "PAD45", "B", 1695, -1865, 0],
		[104, "PAD46", "T", 1495, -1865, 0],
		[105, "PAD46", "B", 1495, -1865, 0],
		[106, "PAD47", "T", 2415.004, -1403.941, 0],
		[107, "PAD47", "B", 2415.004, -1403.941, 0],
		[108, "PAD48", "T", 2415.004, -1502.361, 0],
		[109, "PAD48", "B", 2415.004, -1502.361, 0],
		[110, "PAD49", "T", 2415.004, -1600.791, 0],
		[111, "PAD49", "B", 2415.004, -1600.791, 0],
		[112, "PAD50", "T", 2415.004, -1699.211, 0],
		[113, "PAD50", "B", 2415.004, -1699.211, 0],
		[114, "PAD51", "T", 2388.04, -2725, 0],
		[115, "PAD52", "T", 2311.96, -2725, 0],
		[116, "PAD53", "T", 2388.04, -2830, 0],
		[117, "PAD54", "T", 2311.96, -2830, 0],
		[118, "PAD55", "T", 2388.04, -2625, 0],
		[119, "PAD56", "T", 2311.96, -2625, 0],
		[120, "PAD57", "T", 2388.04, -2525, 0],
		[121, "PAD58", "T", 2311.96, -2525, 0],
		[122, "PAD59", "T", 1020, -830, 0],
		[123, "PAD59", "B", 1020, -830, 0],
		[124, "PAD60", "T", 1020, -730, 0],
		[125, "PAD60", "B", 1020, -730, 0],
		[126, "PAD61", "T", 1020, -630, 0],
		[127, "PAD61", "B", 1020, -630, 0],
		[128, "PAD62", "T", 1020, -530, 0],
		[129, "PAD62", "B", 1020, -530, 0],
		[130, "PAD63", "T", 1045, -1535.94, 0],
		[131, "PAD63", "B", 1045, -1535.94, 0],
		[132, "PAD64", "T", 1045, -1595, 0],
		[133, "PAD64", "B", 1045, -1595, 0],
		[134, "PAD65", "T", 1045, -1654.06, 0],
		[135, "PAD65", "B", 1045, -1654.06, 0],
		[136, "PAD66", "T", 1110, -1840.94, 0],
		[137, "PAD66", "B", 1110, -1840.94, 0],
		[138, "PAD67", "T", 1110, -1900, 0],
		[139, "PAD67", "B", 1110, -1900, 0],
		[140, "PAD68", "T", 1110, -1959.06, 0],
		[141, "PAD68", "B", 1110, -1959.06, 0],
		[142, "PAD69", "T", 1050, -2195.94, 0],
		[143, "PAD69", "B", 1050, -2195.94, 0],
		[144, "PAD70", "T", 1050, -2255, 0],
		[145, "PAD70", "B", 1050, -2255, 0],
		[146, "PAD71", "T", 1050, -2314.06, 0],
		[147, "PAD71", "B", 1050, -2314.06, 0],
		[148, "PAD72", "T", 1055, -2530.94, 0],
		[149, "PAD72", "B", 1055, -2530.94, 0],
		[150, "PAD73", "T", 1055, -2590, 0],
		[151, "PAD73", "B", 1055, -2590, 0],
		[152, "PAD74", "T", 1055, -2649.06, 0],
		[153, "PAD74", "B", 1055, -2649.06, 0]
	]
},
"pins": {
	"fields": ["PIN_NO", "PIN_NAME", "PIN_X", "PIN_Y", "LAYER", "PIN_TYPE", "NET_NAME", "NET_TYPE", "PAD_SHAPE", "PAD_SIZEX", "PAD_SIZEY", "HOLE_SIZE", "HOLE_LEN", "PAD_ANGLE"],
	"rows": [
		[1, "CN1_1", 1045, -1535.94, "T", "DIP", "20KOHM", "", "R", 47.244, 47.244, 27.56, 27.56, 90],
		[2, "CN1_1", 1045, -1535.94, "B", "DIP", "20KOHM", "", "R", 47.244, 47.244, 27.56, 27.56, 90],
		[3, "CN1_2", 1045, -1595, "T", "DIP", "$1N7707", "", "C", 47.244, 47.244, 27.56, 27.56, 90],
		[4, "CN1_2", 1045, -1595, "B", "DIP", "$1N7707", "", "C", 47.244, 47.244, 27.56, 27.56, 90],
		[5, "CN1_3", 1045, -1654.06, "T", "DIP", "$1N4373", "", "C", 47.244, 47.244, 27.56, 27.56, 90],
		[6, "CN1_3", 1045, -1654.06, "B", "DIP", "$1N4373", "", "C", 47.244, 47.244, 27.56, 27.56, 90],
		[7, "CN2_1", 1110, -1840.94, "T", "DIP", "20KOHM", "", "R", 47.244, 47.244, 27.56, 27.56, 90],
		[8, "CN2_1", 1110, -1840.94, "B", "DIP", "20KOHM", "", "R", 47.244, 47.244, 27.56, 27.56, 90],
		[9, "CN2_2", 1110, -1900, "T", "DIP", "$1N7707", "", "C", 47.244, 47.244, 27.56, 27.56, 90],
		[10, "CN2_2", 1110, -1900, "B", "DIP", "$1N7707", "", "C", 47.244, 47.244, 27.56, 27.56, 90],
		[11, "CN2_3", 1110, -1959.06, "T", "DIP", "$1N7627", "", "C", 47.244, 47.244, 27.56, 27.56, 90],
		[12, "CN2_3", 1110, -1959.06, "B", "DIP", "$1N7627", "", "C", 47.244, 47.244, 27.56, 27.56, 90],
		[13, "CN3_1", 1050, -2195.94, "T", "DIP", "20KOHM", "", "R", 47.244, 47.244, 27.56, 27.56, 90],
		[14, "CN3_1", 1050, -2195.94, "B", "DIP", "20KOHM", "", "R", 47.244, 47.244, 27.56, 27.56, 90],
		[15, "CN3_2", 1050, -2255, "T", "DIP", "$1N7707", "", "C", 47.244, 47.244, 27.56, 27.56, 90],
		[16, "CN3_2", 1050, -2255, "B", "DIP", "$1N7707", "", "C", 47.244, 47.244, 27.56, 27.56, 90],
		[17, "CN3_3", 1050, -2314.06, "T", "DIP", "$1N4409", "", "C", 47.244, 47.244, 27.56, 27.56, 90],
		[18, "CN3_3", 1050, -2314.06, "B", "DIP", "$1N4409", "", "C", 47.244, 47.244, 27.56, 27.56, 90],
		[19, "CN4_1", 1055, -2530.94, "T", "DIP", "20KOHM", "", "R", 47.244, 47.244, 27.56, 27.56, 90],
		[20, "CN4_1", 1055, -2530.94, "B", "DIP", "20KOHM", "", "R", 47.244, 47.244, 27.56, 27.56, 90],
		[21, "CN4_2", 1055, -2590, "T", "DIP", "$1N7707", "", "C", 47.244, 47.244, 27.56, 27.56, 90],
		[22, "CN4_2", 1055, -2590, "B", "DIP", "$1N7707", "", "C", 47.244, 47.244, 27.56, 27.56, 90],
		[23, "CN4_3", 1055, -2649.06, "T", "DIP", "$1N4397", "", "C", 47.244, 47.244, 27.56, 27.56, 90],
		[24, "CN4_3", 1055, -2649.06, "B", "DIP", "$1N4397", "", "C", 47.244, 47.244, 27.56, 27.56, 90],
		[25, "GY1_1", 2195, -265, "T", "DIP", "NET_1", "", "C", 70.866, 70.866, 31.496, 31.496, 270],
		[26, "GY1_1", 2195, -265, "B", "DIP", "NET_1", "", "C", 70.866, 70.866, 31.496, 31.496, 270],
		[27, "GY1_2", 2195, -365, "T", "DIP", "$1N3362", "", "C", 70.866, 70.866, 31.496, 31.496, 270],
		[28, "GY1_2", 2195, -365, "B", "DIP", "$1N3362", "", "C", 70.866, 70.866, 31.496, 31.496, 270],
		[29, "GY1_3", 2195, -465, "T", "DIP", "20KOHM", "", "C", 70.866, 70.866, 31.496, 31.496, 270],
		[30, "GY1_3", 2195, -465, "B", "DIP", "20KOHM", "", "C", 70.866, 70.866, 31.496, 31.496, 270],
		[31, "GY1_4", 2195, -565, "T", "DIP", "20KOHM", "", "C", 70.866, 70.866, 31.496, 31.496, 270],
		[32, "GY1_4", 2195, -565, "B", "DIP", "20KOHM", "", "C", 70.866, 70.866, 31.496, 31.496, 270],
		[33, "GY1_5", 2195, -665, "T", "DIP", "20KOHM", "", "C", 70.866, 70.866, 31.496, 31.496, 270],
		[34, "GY1_5", 2195, -665, "B", "DIP", "20KOHM", "", "C", 70.866, 70.866, 31.496, 31.496, 270],
		[35, "GY1_6", 2195, -765, "T", "DIP", "NET_2", "", "C", 70.866, 70.866, 31.496, 31.496, 270],
		[36, "GY1_6", 2195, -765, "B", "DIP", "NET_2", "", "C", 70.866, 70.866, 31.496, 31.496, 270],
		[37, "GY1_7", 2195, -865, "T", "DIP", "NET_3", "", "C", 70.866, 70.866, 31.496, 31.496, 270],
		[38, "GY1_7", 2195, -865, "B", "DIP", "NET_3", "", "C", 70.866, 70.866, 31.496, 31.496, 270],
		[39, "GY1_8", 2195, -965, "T", "DIP", "NET_4", "", "C", 70.866, 70.866, 31.496, 31.496, 270],
		[40, "GY1_8", 2195, -965, "B", "DIP", "NET_4", "", "C", 70.866, 70.866, 31.496, 31.496, 270],
		[41, "GY1_9", 1685, -280, "T", "DIP", "NET_5", "", "C", 133.858, 133.858, 133.858, 133.858, 270],
		[42, "GY1_9", 1685, -280, "B", "DIP", "NET_5", "", "C", 133.858, 133.858, 133.858, 133.858, 270],
		[43, "R1_1", 2390.34, -2190, "T", "SMD", "$1N4306", "", "R", 31.751, 34.016, 0, 0, 0],
		[44, "R1_2", 2449.66, -2190, "T", "SMD", "$1N4292", "", "R", 31.751, 34.016, 0, 0, 0],
		[45, "R2_1", 2395.34, -2305, "T", "SMD", "$1N4330", "", "R", 31.751, 34.016, 0, 0, 0],
		[46, "R2_2", 2454.66, -2305, "T", "SMD", "$1N4321", "", "R", 31.751, 34.016, 0, 0, 0],
		[47, "R3_1", 2390.34, -2410, "T", "SMD", "$1N4358", "", "R", 31.751, 34.016, 0, 0, 0],
		[48, "R3_2", 2449.66, -2410, "T", "SMD", "$1N4346", "", "R", 31.751, 34.016, 0, 0, 0],
		[49, "R5_1", 2390.34, -2100, "T", "SMD", "$1N4277", "", "R", 31.751, 34.016, 0, 0, 0],
		[50, "R5_2", 2449.66, -2100, "T", "SMD", "$1N4271", "", "R", 31.751, 34.016, 0, 0, 0],
		[51, "R6_1", 2311.96, -2830, "T", "SMD", "20KOHM", "", "R", 44.588, 54.213, 0, 0, 0],
		[52, "R6_2", 2388.04, -2830, "T", "SMD", "$1N4358", "", "R", 44.588, 54.213, 0, 0, 0],
		[53, "R7_1", 2311.96, -2725, "T", "SMD", "20KOHM", "", "R", 44.588, 54.213, 0, 0, 0],
		[54, "R7_2", 2388.04, -2725, "T", "SMD", "$1N4330", "", "R", 44.588, 54.213, 0, 0, 0],
		[55, "R8_1", 2311.96, -2625, "T", "SMD", "20KOHM", "", "R", 44.588, 54.213, 0, 0, 0],
		[56, "R8_2", 2388.04, -2625, "T", "SMD", "$1N4306", "", "R", 44.588, 54.213, 0, 0, 0],
		[57, "R9_1", 2311.96, -2525, "T", "SMD", "20KOHM", "", "R", 44.588, 54.213, 0, 0, 0],
		[58, "R9_2", 2388.04, -2525, "T", "SMD", "$1N4277", "", "R", 44.588, 54.213, 0, 0, 0],
		[59, "SCREW5_1", 2509.685, -3108.985, "T", "DIP", "NET_6", "", "C", 126, 126, 126, 126, 0],
		[60, "SCREW5_1", 2509.685, -3108.985, "B", "DIP", "NET_6", "", "C", 126, 126, 126, 126, 0],
		[61, "SCREW6_1", 1002.5, -87.5, "T", "DIP", "NET_7", "", "C", 126, 126, 126, 126, 0],
		[62, "SCREW6_1", 1002.5, -87.5, "B", "DIP", "NET_7", "", "C", 126, 126, 126, 126, 0],
		[63, "SCREW7_1", 2527.5, -87.5, "T", "DIP", "NET_8", "", "C", 126, 126, 126, 126, 0],
		[64, "SCREW7_1", 2527.5, -87.5, "B", "DIP", "NET_8", "", "C", 126, 126, 126, 126, 0],
		[65, "SCREW8_1", 987.5, -3112.5, "T", "DIP", "NET_9", "", "C", 126, 126, 126, 126, 0],
		[66, "SCREW8_1", 987.5, -3112.5, "B", "DIP", "NET_9", "", "C", 126, 126, 126, 126, 0],
		[67, "U1_1", 1300, -3030, "T", "DIP", "$1N7707", "", "C", 60, 60, 36, 36, 0],
		[68, "U1_1", 1300, -3030, "B", "DIP", "$1N7707", "", "C", 60, 60, 36, 36, 0],
		[69, "U1_2", 1300, -2930, "T", "DIP", "NET_10", "", "C", 60, 60, 36, 36, 0],
		[70, "U1_2", 1300, -2930, "B", "DIP", "NET_10", "", "C", 60, 60, 36, 36, 0],
		[71, "U1_3", 1300, -2830, "T", "DIP", "NET_11", "", "C", 60, 60, 36, 36, 0],
		[72, "U1_3", 1300, -2830, "B", "DIP", "NET_11", "", "C", 60, 60, 36, 36, 0],
		[73, "U1_4", 1300, -2730, "T", "DIP", "NET_12", "", "C", 60, 60, 36, 36, 0],
		[74, "U1_4", 1300, -2730, "B", "DIP", "NET_12", "", "C", 60, 60, 36, 36, 0],
		[75, "U1_5", 1300, -2630, "T", "DIP", "$1N4409", "", "C", 60, 60, 36, 36, 0],
		[76, "U1_5", 1300, -2630, "B", "DIP", "$1N4409", "", "C", 60, 60, 36, 36, 0],
		[77, "U1_6", 1300, -2530, "T", "DIP", "NET_13", "", "C", 60, 60, 36, 36, 0],
		[78, "U1_6", 1300, -2530, "B", "DIP", "NET_13", "", "C", 60, 60, 36, 36, 0],
		[79, "U1_7", 1300, -2430, "T", "DIP", "$1N7627", "", "C", 60, 60, 36, 36, 0],
		[80, "U1_7", 1300, -2430, "B", "DIP", "$1N7627", "", "C", 60, 60, 36, 36, 0],
		[81, "U1_8", 1300, -2330, "T", "DIP", "$1N3406", "", "C", 60, 60, 36, 36, 0],
		[82, "U1_8", 1300, -2330, "B", "DIP", "$1N3406", "", "C", 60, 60, 36, 36, 0],
		[83, "U1_9", 1300, -2230, "T", "DIP", "$1N4397", "", "C", 60, 60, 36, 36, 0],
		[84, "U1_9", 1300, -2230, "B", "DIP", "$1N4397", "", "C", 60, 60, 36, 36, 0],
		[85, "U1_10", 1300, -2130, "T", "DIP", "$1N3362", "", "C", 60, 60, 36, 36, 0],
		[86, "U1_10", 1300, -2130, "B", "DIP", "$1N3362", "", "C", 60, 60, 36, 36, 0],
		[87, "U1_11", 1300, -2030, "T", "DIP", "$1N4373", "", "C", 60, 60, 36, 36, 0],
		[88, "U1_11", 1300, -2030, "B", "DIP", "$1N4373", "", "C", 60, 60, 36, 36, 0],
		[89, "U1_12", 1300, -1930, "T", "DIP", "$1N4358", "", "C", 60, 60, 36, 36, 0],
		[90, "U1_12", 1300, -1930, "B", "DIP", "$1N4358", "", "C", 60, 60, 36, 36, 0],
		[91, "U1_13", 1300, -1830, "T", "DIP", "$1N4330", "", "C", 60, 60, 36, 36, 0],
		[92, "U1_13", 1300, -1830, "B", "DIP", "$1N4330", "", "C", 60, 60, 36, 36, 0],
		[93, "U1_14", 1300, -1730, "T", "DIP", "$1N4306", "", "C", 60, 60, 36, 36, 0],
		[94, "U1_14", 1300, -1730, "B", "DIP", "$1N4306", "", "C", 60, 60, 36, 36, 0],
		[95, "U1_15", 1300, -1630, "T", "DIP", "$1N4277", "", "C", 60, 60, 36, 36, 0],
		[96, "U1_15", 1300, -1630, "B", "DIP", "$1N4277", "", "C", 60, 60, 36, 36, 0],
		[97, "U1_16", 1300, -1530, "T", "DIP", "NET_14", "", "C", 60, 60, 36, 36, 0],
		[98, "U1_16", 1300, -1530, "B", "DIP", "NET_14", "", "C", 60, 60, 36, 36, 0],
		[99, "U1_17", 1300, -1430, "T", "DIP", "NET_15", "", "C", 60, 60, 36, 36, 0],
		[100, "U1_17", 1300, -1430, "B", "DIP", "NET_15", "", "C", 60, 60, 36, 36, 0],
		[101, "U1_18", 1300, -1330, "T", "DIP", "NET_16", "", "C", 60, 60, 36, 36, 0],
		[102, "U1_18", 1300, -1330, "B", "DIP", "NET_16", "", "C", 60, 60, 36, 36, 0],
		[103, "U1_19", 1300, -1230, "T", "DIP", "$1N3362", "", "C", 60, 60, 36, 36, 0],
		[104, "U1_19", 1300, -1230, "B", "DIP", "$1N3362", "", "C", 60, 60, 36, 36, 0],
		[105, "U1_20", 2200, -1230, "T", "DIP", "20KOHM", "", "C", 60, 60, 36, 36, 0],
		[106, "U1_20", 2200, -1230, "B", "DIP", "20KOHM", "", "C", 60, 60, 36, 36, 0],
		[107, "U1_21", 2200, -1330, "T", "DIP", "20KOHM", "", "C", 60, 60, 36, 36, 0],
		[108, "U1_21", 2200, -1330, "B", "DIP", "20KOHM", "", "C", 60, 60, 36, 36, 0],
		[109, "U1_22", 2200, -1430, "T", "DIP", "20KOHM", "", "C", 60, 60, 36, 36, 0],
		[110, "U1_22", 2200, -1430, "B", "DIP", "20KOHM", "", "C", 60, 60, 36, 36, 0],
		[111, "U1_23", 2200, -1530, "T", "DIP", "20KOHM", "", "C", 60, 60, 36, 36, 0],
		[112, "U1_23", 2200, -1530, "B", "DIP", "20KOHM", "", "C", 60, 60, 36, 36, 0],
		[113, "U1_24", 2200, -1630, "T", "DIP", "20KOHM", "", "C", 60, 60, 36, 36, 0],
		[114, "U1_24", 2200, -1630, "B", "DIP", "20KOHM", "", "C", 60, 60, 36, 36, 0],
		[115, "U1_25", 2200, -1730, "T", "DIP", "20KOHM", "", "C", 60, 60, 36, 36, 0],
		[116, "U1_25", 2200, -1730, "B", "DIP", "20KOHM", "", "C", 60, 60, 36, 36, 0],
		[117, "U1_26", 2200, -1830, "T", "DIP", "20KOHM", "", "C", 60, 60, 36, 36, 0],
		[118, "U1_26", 2200, -1830, "B", "DIP", "20KOHM", "", "C", 60, 60, 36, 36, 0],
		[119, "U1_27", 2200, -1930, "T", "DIP", "$1N3385", "", "C", 60, 60, 36, 36, 0],
		[120, "U1_27", 2200, -1930, "B", "DIP", "$1N3385", "", "C", 60, 60, 36, 36, 0],
		[121, "U1_28", 2200, -2030, "T", "DIP", "$1N3378", "", "C", 60, 60, 36, 36, 0],
		[122, "U1_28", 2200, -2030, "B", "DIP", "$1N3378", "", "C", 60, 60, 36, 36, 0],
		[123, "U1_29", 2200, -2130, "T", "DIP", "$1N3399", "", "C", 60, 60, 36, 36, 0],
		[124, "U1_29", 2200, -2130, "B", "DIP", "$1N3399", "", "C", 60, 60, 36, 36, 0],
		[125, "U1_30", 2200, -2230, "T", "DIP", "$1N3699", "", "C", 60, 60, 36, 36, 0],
		[126, "U1_30", 2200, -2230, "B", "DIP", "$1N3699", "", "C", 60, 60, 36, 36, 0],
		[127, "U1_31", 2200, -2330, "T", "DIP", "$1N3552", "", "C", 60, 60, 36, 36, 0],
		[128, "U1_31", 2200, -2330, "B", "DIP", "$1N3552", "", "C", 60, 60, 36, 36, 0],
		[129, "U1_32", 2200, -2430, "T", "DIP", "NET_17", "", "C", 60, 60, 36, 36, 0],
		[130, "U1_32", 2200, -2430, "B", "DIP", "NET_17", "", "C", 60, 60, 36, 36, 0],
		[131, "U1_33", 2200, -2530, "T", "DIP", "NET_18", "", "C", 60, 60, 36, 36, 0],
		[132, "U1_33", 2200, -2530, "B", "DIP", "NET_18", "", "C", 60, 60, 36, 36, 0],
		[133, "U1_34", 2200, -2630, "T", "DIP", "NET_19", "", "C", 60, 60, 36, 36, 0],
		[134, "U1_34", 2200, -2630, "B", "DIP", "NET_19", "", "C", 60, 60, 36, 36, 0],
		[135, "U1_35", 2200, -2730, "T", "DIP", "NET_20", "", "C", 60, 60, 36, 36, 0],
		[136, "U1_35", 2200, -2730, "B", "DIP", "NET_20", "", "C", 60, 60, 36, 36, 0],
		[137, "U1_36", 2200, -2830, "T", "DIP", "NET_21", "", "C", 60, 60, 36, 36, 0],
		[138, "U1_36", 2200, -2830, "B", "DIP", "NET_21", "", "C", 60, 60, 36, 36, 0],
		[139, "U1_37", 2200, -2930, "T", "DIP", "NET_22", "", "C", 60, 60, 36, 36, 0],
		[140, "U1_37", 2200, -2930, "B", "DIP", "NET_22", "", "C", 60, 60, 36, 36, 0],
		[141, "U1_38", 2200, -3030, "T", "DIP", "NET_23", "", "C", 60, 60, 36, 36, 0],
		[142, "U1_38", 2200, -3030, "B", "DIP", "NET_23", "", "C", 60, 60, 36, 36, 0],
		[143, "U2_1", 1395, -1865, "T", "DIP", "20KOHM", "", "O", 118.11, 78.74, 36, 36.2, 270],
		[144, "U2_1", 1395, -1865, "B", "DIP", "20KOHM", "", "O", 118.11, 78.74, 36, 36.2, 270],
		[145, "U2_2", 1495, -1865, "T", "DIP", "20KOHM", "", "O", 118.11, 78.74, 36, 36.2, 270],
		[146, "U2_2", 1495, -1865, "B", "DIP", "20KOHM", "", "O", 118.11, 78.74, 36, 36.2, 270],
		[147, "U2_3", 1595, -1865, "T", "DIP", "$1N3362", "", "O", 118.11, 78.74, 36, 36.2, 270],
		[148, "U2_3", 1595, -1865, "B", "DIP", "$1N3362", "", "O", 118.11, 78.74, 36, 36.2, 270],
		[149, "U2_4", 1695, -1865, "T", "DIP", "$1N3406", "", "O", 118.11, 78.74, 36, 36.2, 270],
		[150, "U2_4", 1695, -1865, "B", "DIP", "$1N3406", "", "O", 118.11, 78.74, 36, 36.2, 270],
		[151, "U2_5", 1795, -1865, "T", "DIP", "$1N3362", "", "O", 118.11, 78.74, 36, 36.2, 270],
		[152, "U2_5", 1795, -1865, "B", "DIP", "$1N3362", "", "O", 118.11, 78.74, 36, 36.2, 270],
		[153, "U2_6", 1895, -1865, "T", "DIP", "NET_24", "", "O", 118.11, 78.74, 36, 36.2, 270],
		[154, "U2_6", 1895, -1865, "B", "DIP", "NET_24", "", "O", 118.11, 78.74, 36, 36.2, 270],
		[155, "U2_7", 1995, -1865, "T", "DIP", "NET_25", "", "O", 118.11, 78.74, 36, 36.2, 270],
		[156, "U2_7", 1995, -1865, "B", "DIP", "NET_25", "", "O", 118.11, 78.74, 36, 36.2, 270],
		[157, "U2_8", 2095, -1865, "T", "DIP", "NET_26", "", "O", 118.11, 78.74, 36, 36.2, 270],
		[158, "U2_8", 2095, -1865, "B", "DIP", "NET_26", "", "O", 118.11, 78.74, 36, 36.2, 270],
		[159, "U2_9", 1395, -2865, "T", "DIP", "20KOHM", "", "O", 118.11, 78.74, 36, 36.2, 270],
		[160, "U2_9", 1395, -2865, "B", "DIP", "20KOHM", "", "O", 118.11, 78.74, 36, 36.2, 270],
		[161, "U2_10", 1495, -2865, "T", "DIP", "$1N3399", "", "O", 118.11, 78.74, 36, 36.2, 270],
		[162, "U2_10", 1495, -2865, "B", "DIP", "$1N3399", "", "O", 118.11, 78.74, 36, 36.2, 270],
		[163, "U2_11", 1595, -2865, "T", "DIP", "20KOHM", "", "O", 118.11, 78.74, 36, 36.2, 270],
		[164, "U2_11", 1595, -2865, "B", "DIP", "20KOHM", "", "O", 118.11, 78.74, 36, 36.2, 270],
		[165, "U2_12", 1695, -2865, "T", "DIP", "$1N3385", "", "O", 118.11, 78.74, 36, 36.2, 270],
		[166, "U2_12", 1695, -2865, "B", "DIP", "$1N3385", "", "O", 118.11, 78.74, 36, 36.2, 270],
		[167, "U2_13", 1795, -2865, "T", "DIP", "$1N3378", "", "O", 118.11, 78.74, 36, 36.2, 270],
		[168, "U2_13", 1795, -2865, "B", "DIP", "$1N3378", "", "O", 118.11, 78.74, 36, 36.2, 270],
		[169, "U2_14", 1895, -2865, "T", "DIP", "NET_27", "", "O", 118.11, 78.74, 36, 36.2, 270],
		[170, "U2_14", 1895, -2865, "B", "DIP", "NET_27", "", "O", 118.11, 78.74, 36, 36.2, 270],
		[171, "U2_15", 1995, -2865, "T", "DIP", "NET_28", "", "O", 118.11, 78.74, 36, 36.2, 270],
		[172, "U2_15", 1995, -2865, "B", "DIP", "NET_28", "", "O", 118.11, 78.74, 36, 36.2, 270],
		[173, "U2_16", 2095, -2865, "T", "DIP", "NET_29", "", "O", 118.11, 78.74, 36, 36.2, 270],
		[174, "U2_16", 2095, -2865, "B", "DIP", "NET_29", "", "O", 118.11, 78.74, 36, 36.2, 270],
		[175, "U3_1", 1020, -830, "T", "DIP", "$1N3362", "", "C", 60, 60, 36, 36, 0],
		[176, "U3_1", 1020, -830, "B", "DIP", "$1N3362", "", "C", 60, 60, 36, 36, 0],
		[177, "U3_2", 1020, -730, "T", "DIP", "$1N3699", "", "C", 60, 60, 36, 36, 0],
		[178, "U3_2", 1020, -730, "B", "DIP", "$1N3699", "", "C", 60, 60, 36, 36, 0],
		[179, "U3_3", 1020, -630, "T", "DIP", "$1N3552", "", "C", 60, 60, 36, 36, 0],
		[180, "U3_3", 1020, -630, "B", "DIP", "$1N3552", "", "C", 60, 60, 36, 36, 0],
		[181, "U3_4", 1020, -530, "T", "DIP", "20KOHM", "", "C", 60, 60, 36, 36, 0],
		[182, "U3_4", 1020, -530, "B", "DIP", "20KOHM", "", "C", 60, 60, 36, 36, 0],
		[183, "U3_5", 1020, -430, "T", "DIP", "NET_30", "", "C", 60, 60, 36, 36, 0],
		[184, "U3_5", 1020, -430, "B", "DIP", "NET_30", "", "C", 60, 60, 36, 36, 0],
		[185, "U5_1", 2415.004, -1403.941, "T", "DIP", "$1N4271", "", "R", 70.866, 70.866, 47.244, 47.244, 270],
		[186, "U5_1", 2415.004, -1403.941, "B", "DIP", "$1N4271", "", "R", 70.866, 70.866, 47.244, 47.244, 270],
		[187, "U5_2", 2415.004, -1502.361, "T", "DIP", "$1N4292", "", "C", 70.866, 70.866, 47.244, 47.244, 270],
		[188, "U5_2", 2415.004, -1502.361, "B", "DIP", "$1N4292", "", "C", 70.866, 70.866, 47.244, 47.244, 270],
		[189, "U5_3", 2415.004, -1600.791, "T", "DIP", "$1N4321", "", "C", 70.866, 70.866, 47.244, 47.244, 270],
		[190, "U5_3", 2415.004, -1600.791, "B", "DIP", "$1N4321", "", "C", 70.866, 70.866, 47.244, 47.244, 270],
		[191, "U5_4", 2415.004, -1699.211, "T", "DIP", "$1N4346", "", "C", 70.866, 70.866, 47.244, 47.244, 270],
		[192, "U5_4", 2415.004, -1699.211, "B", "DIP", "$1N4346", "", "C", 70.866, 70.866, 47.244, 47.244, 270],
		[193, "U5_5", 2415.004, -1797.641, "T", "DIP", "NET_31", "", "C", 70.866, 70.866, 47.244, 47.244, 270],
		[194, "U5_5", 2415.004, -1797.641, "B", "DIP", "NET_31", "", "C", 70.866, 70.866, 47.244, 47.244, 270],
		[195, "U5_6", 2415.004, -1896.061, "T", "DIP", "NET_32", "", "C", 70.866, 70.866, 47.244, 47.244, 270],
		[196, "U5_6", 2415.004, -1896.061, "B", "DIP", "NET_32", "", "C", 70.866, 70.866, 47.244, 47.244, 270],
		[197, "PAD1_2", 2195, -365, "T", "DIP", "$1N3362", "", "C", 70.866, 70.866, 31.496, 31.496, 270],
		[198, "PAD1_2", 2195, -365, "B", "DIP", "$1N3362", "", "C", 70.866, 70.866, 31.496, 31.496, 270],
		[199, "PAD2_3", 2195, -465, "T", "DIP", "20KOHM", "", "C", 70.866, 70.866, 31.496, 31.496, 270],
		[200, "PAD2_3", 2195, -465, "B", "DIP", "20KOHM", "", "C", 70.866, 70.866, 31.496, 31.496, 270],
		[201, "PAD3_4", 2195, -565, "T", "DIP", "20KOHM", "", "C", 70.866, 70.866, 31.496, 31.496, 270],
		[202, "PAD3_4", 2195, -565, "B", "DIP", "20KOHM", "", "C", 70.866, 70.866, 31.496, 31.496, 270],
		[203, "PAD4_5", 2195, -665, "T", "DIP", "20KOHM", "", "C", 70.866, 70.866, 31.496, 31.496, 270],
		[204, "PAD4_5", 2195, -665, "B", "DIP", "20KOHM", "", "C", 70.866, 70.866, 31.496, 31.496, 270],
		[205, "PAD5_2", 2449.66, -2190, "T", "SMD", "$1N4292", "", "R", 31.751, 34.016, 0, 0, 0],
		[206, "PAD6_1", 2390.34, -2190, "T", "SMD", "$1N4306", "", "R", 31.751, 34.016, 0, 0, 0],
		[207, "PAD7_2", 2454.66, -2305, "T", "SMD", "$1N4321", "", "R", 31.751, 34.016, 0, 0, 0],
		[208, "PAD8_1", 2395.34, -2305, "T", "SMD", "$1N4330", "", "R", 31.751, 34.016, 0, 0, 0],
		[209, "PAD9_2", 2449.66, -2410, "T", "SMD", "$1N4346", "", "R", 31.751, 34.016, 0, 0, 0],
		[210, "PAD10_1", 2390.34, -2410, "T", "SMD", "$1N4358", "", "R", 31.751, 34.016, 0, 0, 0],
		[211, "PAD11_2", 2449.66, -2100, "T", "SMD", "$1N4271", "", "R", 31.751, 34.016, 0, 0, 0],
		[212, "PAD12_1", 2390.34, -2100, "T", "SMD", "$1N4277", "", "R", 31.751, 34.016, 0, 0, 0],
		[213, "PAD13_1", 1300, -3030, "T", "DIP", "$1N7707", "", "C", 60, 60, 36, 36, 0],
		[214, "PAD13_1", 1300, -3030, "B", "DIP", "$1N7707", "", "C", 60, 60, 36, 36, 0],
		[215, "PAD14_5", 1300, -2630, "T", "DIP", "$1N4409", "", "C", 60, 60, 36, 36, 0],
		[216, "PAD14_5", 1300, -2630, "B", "DIP", "$1N4409", "", "C", 60, 60, 36, 36, 0],
		[217, "PAD15_7", 1300, -2430, "T", "DIP", "$1N7627", "", "C", 60, 60, 36, 36, 0],
		[218, "PAD15_7", 1300, -2430, "B", "DIP", "$1N7627", "", "C", 60, 60, 36, 36, 0],
		[219, "PAD16_8", 1300, -2330, "T", "DIP", "$1N3406", "", "C", 60, 60, 36, 36, 0],
		[220, "PAD16_8", 1300, -2330, "B", "DIP", "$1N3406", "", "C", 60, 60, 36, 36, 0],
		[221, "PAD17_9", 1300, -2230, "T", "DIP", "$1N4397", "", "C", 60, 60, 36, 36, 0],
		[222, "PAD17_9", 1300, -2230, "B", "DIP", "$1N4397", "", "C", 60, 60, 36, 36, 0],
		[223, "PAD18_10", 1300, -2130, "T", "DIP", "$1N3362", "", "C", 60, 60, 36, 36, 0],
		[224, "PAD18_10", 1300, -2130, "B", "DIP", "$1N3362", "", "C", 60, 60, 36, 36, 0],
		[225, "PAD19_11", 1300, -2030, "T", "DIP", "$1N4373", "", "C", 60, 60, 36, 36, 0],
		[226, "PAD19_11", 1300, -2030, "B", "DIP", "$1N4373", "", "C", 60, 60, 36, 36, 0],
		[227, "PAD20_12", 1300, -1930, "T", "DIP", "$1N4358", "", "C", 60, 60, 36, 36, 0],
		[228, "PAD20_12", 1300, -1930, "B", "DIP", "$1N4358", "", "C", 60, 60, 36, 36, 0],
		[229, "PAD21_13", 1300, -1830, "T", "DIP", "$1N4330", "", "C", 60, 60, 36, 36, 0],
		[230, "PAD21_13", 1300, -1830, "B", "DIP", "$1N4330", "", "C", 60, 60, 36, 36, 0],
		[231, "PAD22_14", 1300, -1730, "T", "DIP", "$1N4306", "", "C", 60, 60, 36, 36, 0],
		[232, "PAD22_14", 1300, -1730, "B", "DIP", "$1N4306", "", "C", 60, 60, 36, 36, 0],
		[233, "PAD23_15", 1300, -1630, "T", "DIP", "$1N4277", "", "C", 60, 60, 36, 36, 0],
		[234, "PAD23_15", 1300, -1630, "B", "DIP", "$1N4277", "", "C", 60, 60, 36, 36, 0],
		[235, "PAD24_19", 1300, -1230, "T", "DIP", "$1N3362", "", "C", 60, 60, 36, 36, 0],
		[236, "PAD24_19", 1300, -1230, "B", "DIP", "$1N3362", "", "C", 60, 60, 36, 36, 0],
		[237, "PAD25_20", 2200, -1230, "T", "DIP", "20KOHM", "", "C", 60, 60, 36, 36, 0],
		[238, "PAD25_20", 2200, -1230, "B", "DIP", "20KOHM", "", "C", 60, 60, 36, 36, 0],
		[239, "PAD26_21", 2200, -1330, "T", "DIP", "20KOHM", "", "C", 60, 60, 36, 36, 0],
		[240, "PAD26_21", 2200, -1330, "B", "DIP", "20KOHM", "", "C", 60, 60, 36, 36, 0],
		[241, "PAD27_22", 2200, -1430, "T", "DIP", "20KOHM", "", "C", 60, 60, 36, 36, 0],
		[242, "PAD27_22", 2200, -1430, "B", "DIP", "20KOHM", "", "C", 60, 60, 36, 36, 0],
		[243, "PAD28_23", 2200, -1530, "T", "DIP", "20KOHM", "", "C", 60, 60, 36, 36, 0],
		[244, "PAD28_23", 2200, -1530, "B", "DIP", "20KOHM", "", "C", 60, 60, 36, 36, 0],
		[245, "PAD29_24", 2200, -1630, "T", "DIP", "20KOHM", "", "C", 60, 60, 36, 36, 0],
		[246, "PAD29_24", 2200, -1630, "B", "DIP", "20KOHM", "", "C", 60, 60, 36, 36, 0],
		[247, "PAD30_25", 2200, -1730, "T", "DIP", "20KOHM", "", "C", 60, 60, 36, 36, 0],
		[248, "PAD30_25", 2200, -1730, "B", "DIP", "20KOHM", "", "C", 60, 60, 36, 36, 0],
		[249, "PAD31_26", 2200, -1830, "T", "DIP", "20KOHM", "", "C", 60, 60, 36, 36, 0],
		[250, "PAD31_26", 2200, -1830, "B", "DIP", "20KOHM", "", "C", 60, 60, 36, 36, 0],
		[251, "PAD32_27", 2200, -1930, "T", "DIP", "$1N3385", "", "C", 60, 60, 36, 36, 0],
		[252, "PAD32_27", 2200, -1930, "B", "DIP", "$1N3385", "", "C", 60, 60, 36, 36, 0],
		[253, "PAD33_28", 2200, -2030, "T", "DIP", "$1N3378", "", "C", 60, 60, 36, 36, 0],
		[254, "PAD33_28", 2200, -2030, "B", "DIP", "$1N3378", "", "C", 60, 60, 36, 36, 0],
		[255, "PAD34_29", 2200, -2130, "T", "DIP", "$1N3399", "", "C", 60, 60, 36, 36, 0],
		[256, "PAD34_29", 2200, -2130, "B", "DIP", "$1N3399", "", "C", 60, 60, 36, 36, 0],
		[257, "PAD35_30", 2200, -2230, "T", "DIP", "$1N3699", "", "C", 60, 60, 36, 36, 0],
		[258, "PAD35_30", 2200, -2230, "B", "DIP", "$1N3699", "", "C", 60, 60, 36, 36, 0],
		[259, "PAD36_31", 2200, -2330, "T", "DIP", "$1N3552", "", "C", 60, 60, 36, 36, 0],
		[260, "PAD36_31", 2200, -2330, "B", "DIP", "$1N3552", "", "C", 60, 60, 36, 36, 0],
		[261, "PAD37_1", 1395, -1865, "T", "DIP", "20KOHM", "", "O", 118.11, 78.74, 36, 36.2, 270],
		[262, "PAD37_1", 1395, -1865, "B", "DIP", "20KOHM", "", "O", 118.11, 78.74, 36, 36.2, 270],
		[263, "PAD38_9", 1395, -2865, "T", "DIP", "20KOHM", "", "O", 118.11, 78.74, 36, 36.2, 270],
		[264, "PAD38_9", 1395, -2865, "B", "DIP", "20KOHM", "", "O", 118.11, 78.74, 36, 36.2, 270],
		[265, "PAD39_10", 1495, -2865, "T", "DIP", "$1N3399", "", "O", 118.11, 78.74, 36, 36.2, 270],
		[266, "PAD39_10", 1495, -2865, "B", "DIP", "$1N3399", "", "O", 118.11, 78.74, 36, 36.2, 270],
		[267, "PAD40_12", 1695, -2865, "T", "DIP", "$1N3385", "", "O", 118.11, 78.74, 36, 36.2, 270],
		[268, "PAD40_12", 1695, -2865, "B", "DIP", "$1N3385", "", "O", 118.11, 78.74, 36, 36.2, 270],
		[269, "PAD41_11", 1595, -2865, "T", "DIP", "20KOHM", "", "O", 118.11, 78.74, 36, 36.2, 270],
		[270, "PAD41_11", 1595, -2865, "B", "DIP", "20KOHM", "", "O", 118.11, 78.74, 36, 36.2, 270],
		[271, "PAD42_13", 1795, -2865, "T", "DIP", "$1N3378", "", "O", 118.11, 78.74, 36, 36.2, 270],
		[272, "PAD42_13", 1795, -2865, "B", "DIP", "$1N3378", "", "O", 118.11, 78.74, 36, 36.2, 270],
		[273, "PAD43_5", 1795, -1865, "T", "DIP", "$1N3362", "", "O", 118.11, 78.74, 36, 36.2, 270],
		[274, "PAD43_5", 1795, -1865, "B", "DIP", "$1N3362", "", "O", 118.11, 78.74, 36, 36.2, 270],
		[275, "PAD44_3", 1595, -1865, "T", "DIP", "$1N3362", "", "O", 118.11, 78.74, 36, 36.2, 270],
		[276, "PAD44_3", 1595, -1865, "B", "DIP", "$1N3362", "", "O", 118.11, 78.74, 36, 36.2, 270],
		[277, "PAD45_4", 1695, -1865, "T", "DIP", "$1N3406", "", "O", 118.11, 78.74, 36, 36.2, 270],
		[278, "PAD45_4", 1695, -1865, "B", "DIP", "$1N3406", "", "O", 118.11, 78.74, 36, 36.2, 270],
		[279, "PAD46_2", 1495, -1865, "T", "DIP", "20KOHM", "", "O", 118.11, 78.74, 36, 36.2, 270],
		[280, "PAD46_2", 1495, -1865, "B", "DIP", "20KOHM", "", "O", 118.11, 78.74, 36, 36.2, 270],
		[281, "PAD47_1", 2415.004, -1403.941, "T", "DIP", "$1N4271", "", "R", 70.866, 70.866, 47.244, 47.244, 270],
		[282, "PAD47_1", 2415.004, -1403.941, "B", "DIP", "$1N4271", "", "R", 70.866, 70.866, 47.244, 47.244, 270],
		[283, "PAD48_2", 2415.004, -1502.361, "T", "DIP", "$1N4292", "", "C", 70.866, 70.866, 47.244, 47.244, 270],
		[284, "PAD48_2", 2415.004, -1502.361, "B", "DIP", "$1N4292", "", "C", 70.866, 70.866, 47.244, 47.244, 270],
		[285, "PAD49_3", 2415.004, -1600.791, "T", "DIP", "$1N4321", "", "C", 70.866, 70.866, 47.244, 47.244, 270],
		[286, "PAD49_3", 2415.004, -1600.791, "B", "DIP", "$1N4321", "", "C", 70.866, 70.866, 47.244, 47.244, 270],
		[287, "PAD50_4", 2415.004, -1699.211, "T", "DIP", "$1N4346", "", "C", 70.866, 70.866, 47.244, 47.244, 270],
		[288, "PAD50_4", 2415.004, -1699.211, "B", "DIP", "$1N4346", "", "C", 70.866, 70.866, 47.244, 47.244, 270],
		[289, "PAD51_2", 2388.04, -2725, "T", "SMD", "$1N4330", "", "R", 44.588, 54.213, 0, 0, 0],
		[290, "PAD52_1", 2311.96, -2725, "T", "SMD", "20KOHM", "", "R", 44.588, 54.213, 0, 0, 0],
		[291, "PAD53_2", 2388.04, -2830, "T", "SMD", "$1N4358", "", "R", 44.588, 54.213, 0, 0, 0],
		[292, "PAD54_1", 2311.96, -2830, "T", "SMD", "20KOHM", "", "R", 44.588, 54.213, 0, 0, 0],
		[293, "PAD55_2", 2388.04, -2625, "T", "SMD", "$1N4306", "", "R", 44.588, 54.213, 0, 0, 0],
		[294, "PAD56_1", 2311.96, -2625, "T", "SMD", "20KOHM", "", "R", 44.588, 54.213, 0, 0, 0],
		[295, "PAD57_2", 2388.04, -2525, "T", "SMD", "$1N4277", "", "R", 44.588, 54.213, 0, 0, 0],
		[296, "PAD58_1", 2311.96, -2525, "T", "SMD", "20KOHM", "", "R", 44.588, 54.213, 0, 0, 0],
		[297, "PAD59_1", 1020, -830, "T", "DIP", "$1N3362", "", "C", 60, 60, 36, 36, 0],
		[298, "PAD59_1", 1020, -830, "B", "DIP", "$1N3362", "", "C", 60, 60, 36, 36, 0],
		[299, "PAD60_2", 1020, -730, "T", "DIP", "$1N3699", "", "C", 60, 60, 36, 36, 0],
		[300, "PAD60_2", 1020, -730, "B", "DIP", "$1N3699", "", "C", 60, 60, 36, 36, 0],
		[301, "PAD61_3", 1020, -630, "T", "DIP", "$1N3552", "", "C", 60, 60, 36, 36, 0],
		[302, "PAD61_3", 1020, -630, "B", "DIP", "$1N3552", "", "C", 60, 60, 36, 36, 0],
		[303, "PAD62_4", 1020, -530, "T", "DIP", "20KOHM", "", "C", 60, 60, 36, 36, 0],
		[304, "PAD62_4", 1020, -530, "B", "DIP", "20KOHM", "", "C", 60, 60, 36, 36, 0],
		[305, "PAD63_1", 1045, -1535.94, "T", "DIP", "20KOHM", "", "R", 47.244, 47.244, 27.56, 27.56, 90],
		[306, "PAD63_1", 1045, -1535.94, "B", "DIP", "20KOHM", "", "R", 47.244, 47.244, 27.56, 27.56, 90],
		[307, "PAD64_2", 1045, -1595, "T", "DIP", "$1N7707", "", "C", 47.244, 47.244, 27.56, 27.56, 90],
		[308, "PAD64_2", 1045, -1595, "B", "DIP", "$1N7707", "", "C", 47.244, 47.244, 27.56, 27.56, 90],
		[309, "PAD65_3", 1045, -1654.06, "T", "DIP", "$1N4373", "", "C", 47.244, 47.244, 27.56, 27.56, 90],
		[310, "PAD65_3", 1045, -1654.06, "B", "DIP", "$1N4373", "", "C", 47.244, 47.244, 27.56, 27.56, 90],
		[311, "PAD66_1", 1110, -1840.94, "T", "DIP", "20KOHM", "", "R", 47.244, 47.244, 27.56, 27.56, 90],
		[312, "PAD66_1", 1110, -1840.94, "B", "DIP", "20KOHM", "", "R", 47.244, 47.244, 27.56, 27.56, 90],
		[313, "PAD67_2", 1110, -1900, "T", "DIP", "$1N7707", "", "C", 47.244, 47.244, 27.56, 27.56, 90],
		[314, "PAD67_2", 1110, -1900, "B", "DIP", "$1N7707", "", "C", 47.244, 47.244, 27.56, 27.56, 90],
		[315, "PAD68_3", 1110, -1959.06, "T", "DIP", "$1N7627", "", "C", 47.244, 47.244, 27.56, 27.56, 90],
		[316, "PAD68_3", 1110, -1959.06, "B", "DIP", "$1N7627", "", "C", 47.244, 47.244, 27.56, 27.56, 90],
		[317, "PAD69_1", 1050, -2195.94, "T", "DIP", "20KOHM", "", "R", 47.244, 47.244, 27.56, 27.56, 90],
		[318, "PAD69_1", 1050, -2195.94, "B", "DIP", "20KOHM", "", "R", 47.244, 47.244, 27.56, 27.56, 90],
		[319, "PAD70_2", 1050, -2255, "T", "DIP", "$1N7707", "", "C", 47.244, 47.244, 27.56, 27.56, 90],
		[320, "PAD70_2", 1050, -2255, "B", "DIP", "$1N7707", "", "C", 47.244, 47.244, 27.56, 27.56, 90],
		[321, "PAD71_3", 1050, -2314.06, "T", "DIP", "$1N4409", "", "C", 47.244, 47.244, 27.56, 27.56, 90],
		[322, "PAD71_3", 1050, -2314.06, "B", "DIP", "$1N4409", "", "C", 47.244, 47.244, 27.56, 27.56, 90],
		[323, "PAD72_1", 1055, -2530.94, "T", "DIP", "20KOHM", "", "R", 47.244, 47.244, 27.56, 27.56, 90],
		[324, "PAD72_1", 1055, -2530.94, "B", "DIP", "20KOHM", "", "R", 47.244, 47.244, 27.56, 27.56, 90],
		[325, "PAD73_2", 1055, -2590, "T", "DIP", "$1N7707", "", "C", 47.244, 47.244, 27.56, 27.56, 90],
		[326, "PAD73_2", 1055, -2590, "B", "DIP", "$1N7707", "", "C", 47.244, 47.244, 27.56, 27.56, 90],
		[327, "PAD74_3", 1055, -2649.06, "T", "DIP", "$1N4397", "", "C", 47.244, 47.244, 27.56, 27.56, 90],
		[328, "PAD74_3", 1055, -2649.06, "B", "DIP", "$1N4397", "", "C", 47.244, 47.244, 27.56, 27.56, 90]
	]
}
}